In remarks with analysts Apple chief Tim Cook spotlighted growth in India where the firm is investing heavily and which he visited last...2 days ago, https://www.bbc.com/news/business-65487055
The tech giant reported drops in some product sales but surprised economic observers when it came to profits and revenues.2 days ago, https://news.sky.com/story/iphone-sales-buck-falling-electronics-demand-trend-12873241
Apple stock (AAPL) currently represents nearly 40% of Berkshire Hathaway's equity holdings. But speaking to Berkshire (BRK-A...1 day ago, https://finance.yahoo.com/news/warren-buffett-apple-is-not-35-of-berkshires-portfolio-175313329.html
The backlash to the proposal has been swift with many complaining of "tipping fatigue" in America.1 day ago, https://www.bbc.com/news/65503170
Apple reported second-fiscal quarter earnings on Thursday that beat Wall Street's soft expectations driven by stronger-than-anticipated...3 days ago, https://www.cnbc.com/2023/05/04/apple-aapl-earnings-report-q2-2023.html
Signs posted on locked doors told visitors that the AMC Classic Apple Valley 14 movie theatre had permanently closed.2 days ago, https://www.vvdailypress.com/story/news/2023/05/05/apple-valleys-amc-classic-movie-theater-permanently-closed/70186413007/
Apple doesn't have plans for big layoffs CEO Tim Cook told CNBC while discussing the company's earnings on Thursday.2 days ago, https://www.cnbc.com/2023/05/04/apple-layoffs-are-a-last-resort-tim-cook-says.html
Apple (AAPL) announced its fiscal Q2 earnings after the bell on Thursday beating analysts' expectations on better-than-expected iPhone...2 days ago, https://finance.yahoo.com/news/apple-q2-earnings-141710458.html
Apple has deployed its first Rapid Security Response following recent security threats but users should continue to use antivirus...1 day ago, https://www.foxnews.com/tech/apple-pushes-first-ever-rapid-security-response-update-what-you-should-know
Yesterday's Apple Q2 2023 earnings report revealed that the company saw a year-on-year fall in revenue. But while this might sound like bad...2 days ago, https://9to5mac.com/2023/05/05/apple-q2-2023-earnings/
This includes press releases and other information about financial performance reports filed or furnished with the SEC information on...2 days ago, https://www.apple.com/newsroom/2023/05/apple-reports-second-quarter-results/
Apple's latest quarterly earnings report comes amid a sharp decline in PC and smartphone sales globally after a surge earlier in the pandemic.2 days ago, https://www.cnn.com/2023/05/04/tech/apple-earnings/index.html
For more information visit apple.com/tvpr and see the full list of supported devices. Press Contacts. Sam Citron. Apple. citron@apple.com.2 days ago, https://www.apple.com/newsroom/2023/05/apple-music-live-returns-for-a-brand-new-season-with-ed-sheeran/
The four-time Grammy winner's performance of his 14-track album will also be streamed on Apple TV+. The announcement comes a day after a New...2 days ago, https://apnews.com/article/ed-sheeran-subtract-performance-apple-music-60e49e3f916bb5e84d806e93e504747d
AirPods · App Store · Apple Arcade · Apple TV+ · Company News · Education · Environment · Events · Health · iPad · iPhone · Mac · Music...3 days ago, https://www.apple.com/newsroom/2023/05/apple-launches-20-fun-new-games-for-its-award-winning-apple-arcade-service/
There was less good news about Apple's more established markets. Sales fell in the Americas Japan and the all-important China...5 hours ago, https://www.bloomberg.com/news/newsletters/2023-05-07/apple-aapl-sales-growth-to-come-from-emerging-markets-like-india-uae-mexico-lhdguo6g
Apple Card's new high-yield Savings account is now available offering a 4.15 percent APY · Press Contacts · Latest News · Apple Footer.3 weeks ago, https://www.apple.com/newsroom/2023/04/apple-cards-new-high-yield-savings-account-is-now-available-offering-a-4-point-15-percent-apy/
Apple News will also feature a special curated collection that celebrates natural wonders; explores climate science service and solutions;...2 weeks ago, https://www.apple.com/newsroom/2023/04/apple-announces-major-progress-toward-climate-goals-ahead-of-earth-day/
Taking a look back at another week of news and headlines from ... good news for Safari on iPhone Apple Watch's new design feature and the...1 day ago, https://www.forbes.com/sites/ewanspence/2023/05/05/apple-iphone15-pro-action-button-leak-macbook-fold-safari-apple-watch/
Apple has made significant purchases of companies in the past - one ... It would also bring into the fold ABC News and give Apple access to...7 hours ago, https://www.imore.com/apple/after-beats-who-should-apple-buy-next-weve-got-some-candidates
Welcome back to This Week in Apps the weekly TechCrunch series that recaps the latest in mobile OS news mobile applications and the...1 day ago, https://techcrunch.com/2023/05/06/this-week-in-apps-apple-and-google-team-up-on-trackers-google-i-o-preview-apps-hit-newfronts/
Affiliate links help sites like Cord Cutters News LLC stay open. Affiliate links cost you nothing but help me support my family. We do not...2 hours ago, https://cordcuttersnews.com/the-new-max-app-for-apple-tv-ios-is-now-available-for-pre-order/
Charting Progress to 2025 · Progress in Responsible Sourcing of Primary and Recycled Materials · Innovating for the Future of Recycling · Press...3 weeks ago, https://www.apple.com/newsroom/2023/04/apple-will-use-100-percent-recycled-cobalt-in-batteries-by-2025/
Latest News. PRESS RELEASE. Apple MixC Shenzhen opens Friday April 28 in China. April 26...2 weeks ago, https://www.apple.com/newsroom/2023/04/apple-saket-now-open-in-new-delhi/
Ford is embracing it. Got a tip? Email tips@thedrive.com · Ford NewsNews by Brand.3 hours ago, https://www.thedrive.com/news/ford-ceo-says-it-will-keep-apple-carplay-android-auto-we-lost-that-battle-10-years-ago
WINCHESTER Va. (DC News Now) — In 1924 Queen Elizabeth's Grandfather George V sat on the throne the first Winter Olympics took place in...27 mins ago, https://www.dcnewsnow.com/news/local-news/virginia/shenandoah-county/the-96th-shenandoah-apple-blossom-festival-marches-on/
NEW YORK — Apple was at the head of a widespread rally on Wall Street ... While that's good news particularly when many economists fear a...1 day ago, https://www.effinghamdailynews.com/news/apple-juiced-rally-closes-bruising-week/article_76bf40f2-eb84-11ed-a01c-37782145d94e.html
Apple is rumored to be delaying plans to launch new M3-powered Macs and ... The Apple Post publishes the latest Apple news iPhone leaks...2 days ago, https://www.theapplepost.com/2023/05/05/apple-rumored-to-be-delaying-launch-of-new-m3-powered-macs-and-ipads-until-2024/
U.K. · Breaking News King Charles III Royals Prince Andrew Prince Harry Meghan Markle World News Covid-19 Puzzles · Money · Money Business...6 hours ago, https://www.dailymail.co.uk/news/article-12038719/Prickly-puzzle-apple-cacti.html
Apple has expanded the availability of its mobile payments service ... The Apple Post publishes the latest Apple news iPhone leaks...2 days ago, https://www.theapplepost.com/2023/05/05/apple-pay-now-available-in-el-salvador-and-guatemala/
This week the EU Industry Commissioner Thierry Breton wrote in a letter available to the Deutsche Presse-Agentur (German Press Agency dpa)...1 day ago, https://www.patentlyapple.com/2023/05/the-eu-industry-commissioner-warned-apple-in-march-that-any-limited-functionality-to-usb-c-on-apple-devices-wouldnt-be-allow.html
Welcome to our Apple Breakfast column which includes all of the Apple news ... When Valencell filed a patent lawsuit Apple responded by...2 weeks ago, https://www.macworld.com/article/1788560/sherlocking-valencell-apple-watch-patents-developers.html
Event organizers are excited to highlight small businesses in this year's Apple Blossom Parade which is on the cusp of 100 years in St.1 day ago, https://www.newspressnow.com/news/local_news/events/anticipation-builds-ahead-of-99th-apple-blossom-parade/article_5747aaa8-eb79-11ed-9cc7-6bef6d6f9aa6.html
The All-City Marching Band performs in the Apple Blossom Parade on Saturday morning. Ashley Luthans News-Press NOW.1 day ago, https://www.newspressnow.com/news/local_news/events/apple-blossom-parade-entertains-st-joseph-community/article_39028120-ec29-11ed-9f57-a73311bfdf90.html
According to Apple's status page Apple Music Apple Music Radio Apple Pay & Wallet Apple News iTunes and Radio faced outages. See Also...4 weeks ago, https://interestingengineering.com/innovation/apple-music-apple-news-down
Chance is an editor for the entire 9to5 network and covers the latest Apple news for 9to5Mac. Tips questions typos to chance@9to5mac.com.2 days ago, https://9to5mac.com/2023/05/05/apple-watch-health-ruptured-aorta/
This will now be possible through Apple's multiview experience which was first spotted in March by developer Steve Moser in the iOS 16.5 beta 1...3 weeks ago, https://mspoweruser.com/apple-tv-4k-gets-multiview-beta-feature/
WSU won 2-1 Friday and Washington won 6-2 Saturday. Zach Wilkinson/Daily News.12 hours ago, https://www.lmtribune.com/sports/huskies-even-apple-cup-series-against-cougars/article_9c244148-34be-5046-bb9e-fe1e1c44544e.html
A two-week jury trial was set for next year in the case of the Minnesota man accused of fatally stabbing one and injuring four at the Apple...6 hours ago, https://www.baldwin-bulletin.com/news/jury-trial-set-for-minnesota-man-in-apple-river-stabbing-case/article_de6741be-e9d1-11ed-ab45-3b94dd70fa0b.html
This instant news alert was generated by narrative science technology and financial data from MarketBeat in order to provide readers with the...11 hours ago, https://www.marketbeat.com/instant-alerts/nasdaq-aapl-sec-filing-2023-05-07/
Apple's comedy produced by Universal Television has shut down after picketers disrupted filming of the comedy ... Archive: Apple TV News.1 day ago, https://www.patentlyapple.com/2023/05/the-apple-tv-comedy-loot-abruptly-shut-down-this-week-due-to-writer-guild-strike-picketers-disrupting-production-of-the-sh.html
Apple Inc.'s Worldwide Developers Conference in June will be one of the most ... renaissance and was responsible for dealing with the press...3 weeks ago, https://www.bloomberg.com/news/newsletters/2023-04-16/apple-wwdc-2023-june-5-plan-reality-headset-new-macs-watchos-10-ios-17-lgjfj5bf
Apple will launch a journaling app in iOS 17 but that's bad news for some devs · It could monitor users' activities throughout the day in ways...2 weeks ago, https://arstechnica.com/gadgets/2023/04/apple-plans-mental-health-focused-journaling-app-for-ios-17/
Apple has today shared its first look at its upcoming Apple TV+ thriller ... The Apple Post publishes the latest Apple news iPhone leaks...2 days ago, https://www.theapplepost.com/2023/05/05/apple-shares-first-look-at-new-apple-tv-thriller-hijack/
SAN FRANCISCO — Apple and Google are teaming up to thwart unwanted tracking through Bluetooth devices that were created to help people find...1 hour ago, https://www.niagara-gazette.com/news/apple-google-partner-to-combat-creepy-tracking-tactics/article_d903fdde-e9b3-11ed-8b50-c7df4c67d30b.html
Apple shipped 10.8 tablets with a 35.2 per cent share in Q1 followed by Samsung at 23.1 per cent share and shipping 7.1 million units. IANS...5 hours ago, https://www.indiatvnews.com/technology/news/apple-samsung-capture-58-pc-of-global-tablet-market-tech-news-latest-updates-2023-05-07-869343
Apple co-founder Steve Wozniak joins "CNN This Morning" to ... Hear late night hosts' reaction to Carlson and Lemon's exit from cable news.5 days ago, https://www.cnn.com/videos/business/2023/05/02/steve-wozniak-apple-founder-cnntm-intv-ai-concerns-vpx.cnn
Welcome to our Apple Breakfast column which includes all of the Apple news you missed last week in a handy bite-sized roundup.3 weeks ago, https://www.macworld.com/article/1681969/why-im-ready-to-give-up-my-iphone.html
All you have to do is hop onto Apple's website hover over "iPhone" and click "Shop iPhone." Apple homepage desktop screenshot.2 weeks ago, https://www.foxnews.com/tech/new-service-keeps-you-making-mistake-your-next-apple-purchase
For those wanting to know every scrap of news about the Pixel fold ahead of time could also check out Jon Prosser's YouTube Video on this...1 day ago, https://www.patentlyapple.com/2023/05/this-week-an-apple-patent-revealed-work-on-a-tablet-laptop-hybrid-device-just-as-google-is-set-to-introduce-their-first-ever.html
A salesperson walks past an advertisement at an Apple reseller store in Mumbai ... up from 1% in 2021 Bloomberg News reported on Thursday.3 weeks ago, https://www.reuters.com/technology/apple-now-makes-almost-7-its-iphones-india-bloomberg-news-2023-04-13/
Were you affected by today's Apple ID bug? Let us know in the comments section below. Add 9to5Mac to your Google News feed.3 weeks ago, https://9to5mac.com/2023/04/15/bug-apple-devices-ask-apple-id-password/
Taking a look back at another week of news and headlines from Cupertino this week's Apple Loop includes disappointing iPhone 15 Pro design...2 weeks ago, https://www.forbes.com/sites/ewanspence/2023/04/21/apple-iphone-15-pro-leak-macbook-m3-delay-realityos-apps-beats-buds/
Sign up for free and start receiving your daily dose of cybersecurity news insights and tips. Email. Solution SpotlightNEW.1 month ago, https://thehackernews.com/2023/04/apple-releases-updates-to-address-zero.html
... in the last fiscal year Bloomberg News reported last week. ... The fresh sales growth comes as Apple deepens its India retail push with...3 weeks ago, https://www.reuters.com/technology/apples-india-sales-hit-6-bln-year-through-march-bloomberg-news-2023-04-17/
In contrast to "Samsung Free" the updated app will be solely dedicated to news and podcasts similar to Apple News. Samsung News provides...3 weeks ago, https://www.ghacks.net/2023/04/18/samsung-news-app/
It's like if Apple was to remove the Ring switch from the iPhone. ... to Pixel 8 Pro and why this one could be good… and bad news for users.7 hours ago, https://www.phonearena.com/news/pixel-8-pro-1-inch-camera-google-most-aggressive-attempt-to-crush-samsung-apple-mistake_id147231
Taking a look back at another week of news and headlines from Cupertino this week's Apple Loop includes a disappointing iPhone 15 leak...3 weeks ago, https://www.forbes.com/sites/ewanspence/2023/04/14/apple-iphone-15-pro-leak-macbook-pro-upgrade-mixed-reality-ios/
The S&P 500 was down 0.7 per cent shortly after the opening bell on Thursday with regional bank stocks knocked by news PacWest was exploring a...2 days ago, https://www.ft.com/content/ee203df2-7bbc-4dc8-bad6-80b629dd81da
The incident transpired at the Apple Store in the Alderwood Mall Seattle when the ... Manager Maren McKay was quoted as saying by Fox News.2 weeks ago, https://www.wionews.com/trending/us-thieves-break-into-apple-store-through-bathroom-of-adjacent-shop-steal-436-iphones-worth-500000-584565
In more positive retail-related news Apple is nearing the opening of its first store in India. The company has begun advertising the outlet...1 month ago, https://www.bloomberg.com/news/newsletters/2023-04-09/apple-aapl-continues-efforts-to-keep-retail-stores-from-unionizing-lg9gjdx2
In this weekend's news and commentary NLRB GC Abruzzo spoke about ... The Board has previously held that Apple broke labor law by holding...1 hour ago, https://onlabor.org/may-7-2023/
Taking a look back at another week of news and headlines from Cupertino this week's Apple Loop includes a disappointing iPhone 15 Pro...1 month ago, https://www.forbes.com/sites/ewanspence/2023/04/07/apple-headlines-iphone-15-pro-camera-leak-action-button-m2-macbook-pro-oled-bitcoin/
AirPods · App Store · Apple Arcade · Apple TV+ · Company News · Education · Environment · Events · Health · iPad · iPhone · Mac · Music...4 weeks ago, https://www.apple.com/newsroom/2023/04/apple-bkc-opens-april-18-and-apple-saket-opens-april-20/
It was on May 6 1998 when Apple announced its all-in-one computer named iMac. It featured a translucent Bondi Blue casing and in terms of...1 day ago, https://www.neowin.net/news/apples-first-i-product-the-imac-g3-was-announced-25-years-ago-today/
The new 2023 MacBook Pro features Apple's latest M2 processor chip for faster performance and improved processing capabilities. It also offers...3 days ago, https://www.cbsnews.com/essentials/best-early-amazon-prime-day-2023-deals-on-apple-tech/
Apple's self-developed 5G baseband chip is facing massive delays. Last year during the MWC World Mobile Conference none other than Qualcomm's...3 weeks ago, https://tech.hindustantimes.com/mobile/news/big-apple-upgrade-for-iphone-16-check-out-the-news-it-s-bad-71681740595177.html
Back in 2014 Cotton told the press the decision to leave Apple would be one of the hardest of her career: “This is hard for me” she said.4 weeks ago, https://9to5mac.com/2023/04/10/katie-cotton-apple-pr-chief-passed-away/
India is at a "tipping point" the top honcho said during the Q2 earnings call of the company. Apple charted an ambitious retail expansion in...2 days ago, https://www.theweek.in/news/biz-tech/2023/05/05/why-apple-ceo-tim-cook-thinks-india-is-an-incredibly-exciting-market.html
The update also adds a dedicated Sports tab to the Apple News app something that has been highly-requested among sports fans in the past.3 weeks ago, https://9to5mac.com/2023/04/12/ios-16-5-beta-2-new-features/
... Republican lawmakers in more than a dozen states have proposed bills to restrict drag performances according to an NBC News analysis.3 weeks ago, https://www.nbcnews.com/nbc-out/out-pop-culture/meet-rupublicans-gop-lawmakers-are-reimagined-ai-generated-drag-queens-rcna79136
Release details on the film are yet unknown but with production underway we can expect more news soon including more details about the...7 hours ago, https://www.imore.com/music-movies-tv/apple-tv/brad-pitt-is-training-in-a-real-f2-car-for-apple-tv-plus-formula-1-movie
Heart On My Sleeve is no longer available on Apple Music Spotify Deezer and Tidal. It is also in the process of being pulled from TikTok and...3 weeks ago, https://www.bbc.com/news/entertainment-arts-65309313
Apple has today announced that Tap to Pay on iPhone support is expanding ... The Apple Post publishes the latest Apple news iPhone leaks...2 weeks ago, https://www.theapplepost.com/2023/04/20/apple-rolls-out-tap-to-pay-on-iphone-support-to-taiwan-marking-first-expansion-outside-the-us/
Apple hiding a bitcoin manifesto in Macs is fueling theories that Steve Jobs was Satoshi Nakamoto the crypto's mysterious inventor.1 month ago, https://markets.businessinsider.com/news/currencies/apple-bitcoin-manifesto-steve-jobs-satoshi-nakamoto-white-paper-cryptocurrency-2023-4
It holds the only copies of eight years of photos of his young daughters. What's News. See More. A...2 weeks ago, https://www.wsj.com/articles/the-iphone-setting-thieves-use-to-lock-you-out-of-your-apple-account-716d350d
So far only two new features and changes have been discovered for the iPhone including a Sports tab in the Apple News app and the ability...2 weeks ago, https://www.macrumors.com/2023/04/21/ios-16-5-small-but-useful-features/
Data is a real-time snapshot *Data is delayed at least 15 minutes. Global Business and Financial News Stock Quotes and Market Data and...4 weeks ago, https://www.cnbc.com/2023/04/10/apples-mac-shipments-fall-more-than-40percent-worse-than-major-rivals-idc.html
The following year Apple launched a watch that could measure blood oxygen levels. What's News. See More. West...2 weeks ago, https://www.wsj.com/articles/apple-watch-patents-5b52cda0
Apple offers the trade-in option across all of its products such as the iPhone Apple Watch iPad and Mac apart from Android smartphones. The...2 days ago, https://www.gizbot.com/gadgets/news/apple-updates-prices-of-devices-in-trade-in-offer-085336.html
Express et al. Express Research · UPSC Special · News · Technology · Tech; 6 Apple products we...4 weeks ago, https://indianexpress.com/article/technology/tech-news-technology/6-apple-products-were-looking-forward-to-in-2023-8546843/
BuzzFeed fires 15% of workforce shuts down BuzzFeed News ... firms have similarly had mass layoffs except for Apple — in the main.2 weeks ago, https://appleinsider.com/articles/23/04/20/buzzfeed-fires-15-of-workforce-shuts-down-buzzfeed-news
When the iPhone 6 finally brought Apple into the market for large-screen ... last June by Pymnts a payments data news and analysis firm.2 weeks ago, https://www.wsj.com/articles/apple-pays-long-road-to-paying-off-is-getting-shorter-7a179c75
Chance is an editor for the entire 9to5 network and covers the latest Apple news for 9to5Mac. Tips questions typos to chance@9to5mac.com.3 weeks ago, https://9to5mac.com/2023/04/18/heart-analyzer-apple-watch-iphone/
Sign up for free and start receiving your daily dose of cybersecurity news insights and tips. Email. Solution SpotlightNEW.3 weeks ago, https://thehackernews.com/2023/04/lockbit-ransomware-now-targeting-apple.html
Get all the latest news updates things to do and more from Stone Staffordshire's dedicated InYourArea feed. Daily Email Updates. Updates in...9 hours ago, https://www.inyourarea.co.uk/news/community-in-stone-given-apple-trees-to-plant-by-cider-company/
Alphabet pays Apple an estimated $20 billion annually for search revenue sharing which could represent roughly 17% of Apple's operating profits...2 weeks ago, https://www.thestreet.com/apple/news/google-or-bing-should-apple-switch-its-default-search-engine
Similar News. Bitcoin Price Prediction as BTC Suddenly Pumps up 4% in 24 Hours – What's Going. Altcoin News.3 weeks ago, https://cryptonews.com/news/apple-approves-decentralized-exchange-uniswap-ios-wallet-app-heres-how-it-works.htm
Learn About Bloomberg Tax. From research to software to news find what you need to stay ahead. Learn more...3 weeks ago, https://news.bloombergtax.com/tax-insights-and-commentary/apples-agreement-with-cupertino-is-taxpayer-fleecing-collusion
The advisory is part of the Biden administration's broader efforts to address mental health White House press secretary Karine Jean-Pierre...5 days ago, https://www.cnn.com/2023/05/02/health/murthy-loneliness-isolation/index.html
We'll send you a myFT Daily Digest email rounding up the latest Financial services news every morning. In 2019 after months of gruelling work...2 weeks ago, https://www.ft.com/content/fda76c42-0540-48a1-b1d9-259e1c2d6c3a
Chance is an editor for the entire 9to5 network and covers the latest Apple news for 9to5Mac. Tips questions typos to chance@9to5mac.com.4 weeks ago, https://9to5mac.com/2023/04/10/apple-releases-ios-15-7-5-with-important-security-fixes/
Filipe Espósito is a Brazilian tech Journalist who started covering Apple news on iHelp BR with some exclusive scoops — including the reveal of...4 weeks ago, https://9to5mac.com/2023/04/11/apple-firmware-update-airpods/
Williams Justice Center where Fox News was being sued by Dominion Voting Systems. (Chip Somodevilla / Getty Images). By Stephen BattaglioStaff...3 weeks ago, https://www.latimes.com/entertainment-arts/business/story/2023-04-18/fox-news-reaches-settlement-in-defamation-suit-with-dominion
Michael is an editor for 9to5Mac. Since joining in 2016 he has written more than 3000 articles including breaking news reviews and detailed...2 weeks ago, https://9to5mac.com/2023/04/19/download-apple-x-van-gogh-wallpapers-from-basic-apple-guy/
Other new emojis include a Wi-Fi symbol various animals and objects. Catch all the Technology News and Updates on Live Mint. Download The Mint...2 weeks ago, https://www.livemint.com/technology/tech-news/apple-ios-16-4-this-new-feature-allows-you-to-make-clearer-phone-calls-11681900125156.html
Filipe Espósito is a Brazilian tech Journalist who started covering Apple news on iHelp BR with some exclusive scoops — including the reveal of...2 weeks ago, https://9to5mac.com/2023/04/21/unreleased-macs-show-up-find-my/
Google issued a similar statement about the Android app. Photo: @felipepelaquim/Unsplash · Add 9to5Mac to your Google News feed.3 weeks ago, https://9to5mac.com/2023/04/18/kindle-unlimited-porn/
What's News ; Google Retools to Stay at the Top of Search. Just In ; King Charles III's Coronation to Draw Global Audience for Lavish Ceremony.3 weeks ago, https://www.wsj.com/articles/apple-iphone-smartphone-market-dominant-android-7914e6b0
Apply for Track and Manage Loans Seamlessly in Wallet · Mastercard and Goldman Sachs · Press Contacts · Latest News · Apple Footer.1 month ago, https://www.apple.com/newsroom/2023/03/apple-introduces-apple-pay-later/
Catch up on the headlines understand the news and make better decisions free in your inbox every day. Preview. Subscribe...3 weeks ago, https://www.wsj.com/articles/gm-ditches-apple-carplay-on-evs-as-fight-for-your-cars-screen-intensifies-29b51de8
3/5 My Sports tab in Apple News: It seems like with iOS 16.5 Beta 1 a new Sports tab can be found at the bottom of the screen which will...2 weeks ago, https://tech.hindustantimes.com/tech/news/in-a-first-ios-17-is-set-to-take-iphones-where-they-have-never-been-before-71682004206334.html
The new Sports tab includes news and scores revolving around a user's assigned favorite teams. If you have enrolled in the iOS 16 developer beta...4 weeks ago, https://www.xda-developers.com/ios-16-5-beta-2/
So whether you're interested in politics entertainment technology or any other topic you can read about it on Apple News.1 month ago, https://www.xda-developers.com/apple-news-ios/
Throughout the month Apple News will highlight compelling articles interviews and audio stories about the Black experience in America...3 months ago, https://www.apple.com/newsroom/2023/01/apple-celebrates-black-history-month-with-unity-collection-and-exclusive-content/
iMessage Contact Key Verification · Security Keys · Advanced Data Protection for iCloud · Press Contacts · Latest News · Apple Footer.5 months ago, https://www.apple.com/newsroom/2022/12/apple-advances-user-security-with-powerful-new-data-protections/
Apple is expected to launch four new models this year – iPhone 15 iPhone 15 Plus iPhone 15 Pro and iPhone 15 Pro Max. With the arrival of...3 weeks ago, https://tech.hindustantimes.com/mobile/news/after-iphone-15-launch-will-apple-discontinue-your-iphone-12-iphone-14-pro-and-more-71681614297631.html
Apple's more than 100000 employees are dedicated to making the best products on earth and to leaving the world better than we found it. Press...1 month ago, https://www.apple.com/newsroom/2023/03/apples-worldwide-developers-conference-returns-june-5/
Filipe Espósito is a Brazilian tech Journalist who started covering Apple news on iHelp BR with some exclusive scoops — including the reveal of...3 weeks ago, https://9to5mac.com/2023/04/13/apple-tv-growth-slows-in-us/
AirPods · App Store · Apple Arcade · Apple TV+ · Company News · Education · Environment · Events · Health · iPad · iPhone · Mac · Music...3 months ago, https://www.apple.com/newsroom/2023/01/introducing-apple-business-connect/
Apple's more than 100000 employees are dedicated to making the best products on earth and to leaving the world better than we found it. Press...1 month ago, https://www.apple.com/newsroom/2023/03/apples-worldwide-developers-conference-returns-june-5/
Filipe Espósito is a Brazilian tech Journalist who started covering Apple news on iHelp BR with some exclusive scoops — including the reveal of...3 weeks ago, https://9to5mac.com/2023/04/13/apple-tv-growth-slows-in-us/
AirPods · App Store · Apple Arcade · Apple TV+ · Company News · Education · Environment · Events · Health · iPad · iPhone · Mac · Music...3 months ago, https://www.apple.com/newsroom/2023/01/introducing-apple-business-connect/
After the Whistle will premiere on November 17 2022 and will be available for free in Apple News and Apple Podcasts. As the World Cup kicks...5 months ago, https://www.apple.com/newsroom/2022/11/apple-news-presents-after-the-whistle-with-brendan-hunt-and-rebecca-lowe-podcast/
My Sports also makes it easy to get personalized real-time sports coverage from Apple News. Fans can stay up to speed with the best stories...3 months ago, https://www.apple.com/newsroom/2023/02/mls-season-pass-is-now-available-worldwide-on-the-apple-tv-app/
The feature is not available for Apple Music Voice Plan subscribers. Press Contacts. Jessica Bass. Apple. jessica_bass@apple.com. Apple Media...5 months ago, https://www.apple.com/newsroom/2022/12/apple-introduces-apple-music-sing/
Apple has positioned the Sports tab in ‌Apple News‌ right in the middle of the bottom navigation bar putting it between Today and News+ on...1 month ago, https://www.macrumors.com/2023/03/28/apple-news-app-sports-tab-ios-16-5/
AirPods · App Store · Apple Arcade · Apple TV+ · Company News · Education · Environment · Events · Health · iPad · iPhone · Mac · Music...2 months ago, https://www.apple.com/newsroom/2023/03/hello-yellow-apple-introduces-new-iphone-14-and-iphone-14-plus/
Apple's more than 100000 employees are dedicated to making the best products on earth and to leaving the world better than we found it. Press...3 months ago, https://www.apple.com/newsroom/2023/01/apple-builds-on-privacy-commitment-by-unveiling-new-efforts-on-data-privacy-day/
Apple launches 20 fun new games for its award-winning Apple Arcade service. May 4 2023. Apple Newsroom. The latest news and updates direct...1 month ago, https://www.apple.com/newsroom/2023/04/apple-and-global-suppliers-expand-renewable-energy-to-13-point-7-gigawatts/
Restrictions and limitations may apply. Press Contacts. Neema Mungai. Apple. nmungai@apple.com. Brian Bumbery.1 month ago, https://www.apple.com/newsroom/2023/03/apple-introduces-shop-with-a-specialist-over-video/
On iOS Apple News provides access to newspapers and magazines for $9.99 per month. But despite boasting the Apple brand and a considerable...3 months ago, https://www.androidpolice.com/best-apple-news-alternatives/
The Apple News app is a great way to consume news from multiple publications in one area. The application allows you to personalize your reading...6 months ago, https://appleinsider.com/inside/apple-news/tips/how-to-share-customize-apple-news-in-ios-16
It requires all Apple devices that access the home to be using the latest software. Smart home accessories are sold separately. Press Contacts.3 months ago, https://www.apple.com/newsroom/2023/01/apple-introduces-the-new-homepod-with-breakthrough-sound-and-intelligence/
A Canvas Built for Creativity with Easy-to-Use Tools · A Collaboration Space · Press Contacts · Latest News · Apple Footer.4 months ago, https://www.apple.com/newsroom/2022/12/apple-launches-freeform-a-powerful-new-app-designed-for-creative-collaboration/
Latest News. UPDATE. Apple launches 20 fun new games for its award-winning Apple Arcade service.1 month ago, https://www.apple.com/newsroom/2023/03/apple-gangnam-now-open-in-south-korea/
Unrivaled Power-Efficient Performance with M2 Pro and M2 Max · Enhanced Connectivity · macOS Ventura · MacBook Pro and the Environment · Press...3 months ago, https://www.apple.com/newsroom/2023/01/apple-unveils-macbook-pro-featuring-m2-pro-and-m2-max/
This press release contains forward-looking statements within the meaning of the Private Securities Litigation Reform Act of 1995.6 months ago, https://www.apple.com/newsroom/2022/11/update-on-supply-of-iphone-14-pro-and-iphone-14-pro-max/
Stay Connected; MLS on Apple News · Newsletters · Podcasts · iOS App · Android App. Resources; MLS Communications · MLS Español...17 hours ago, https://www.mlssoccer.com/news/fc-dallas-vs-st-louis-city-sc-match-enters-weather-delay
Local news offerings in Apple News provide readers with access to top publications including Axios Charlotte the Charlotte Observer...18 months ago, https://www.apple.com/newsroom/2021/10/apple-news-expands-local-news-offerings/
Apple News introduces a new My Sports section where users can easily ... and college leagues; and watch highlights right in the News app.6 months ago, https://www.apple.com/newsroom/2022/10/ipados-16-is-available-today/
March 2 2023 12:57 p.m.. After Alex Kotch got into the habit of scrolling Apple News every morning in 2020 he started to find the offering...2 months ago, https://www.niemanlab.org/2023/03/optout-aims-to-be-a-daily-news-app-100-free-from-corporate-media-narratives/
Apple's more than 100000 employees are dedicated to making the best products on earth and to leaving the world better than we found it. Press...5 months ago, https://www.apple.com/newsroom/2022/12/apple-announces-biggest-upgrade-to-app-store-pricing-adding-700-new-price-points/
Apple's more than 100000 employees are dedicated to making the best products on earth and to leaving the world better than we found it. Press...1 month ago, https://www.apple.com/newsroom/2023/03/apple-music-classical-is-here/
iOS 16's Visual Look Up on a French bulldog on iPhone 14 Pro. Users can now press and hold on the subject of an image to lift it from the...7 months ago, https://www.apple.com/newsroom/2022/09/ios-16-is-available-today/
Fans can also sync their favorite teams across Apple News and the Apple TV app to follow updates get tune-in reminders and more.3 months ago, https://www.apple.com/newsroom/2023/01/apple-celebrates-a-groundbreaking-year-in-entertainment/
So you're back to work after the long holiday break? As we dive into 2023 these slices of Apple-related news should prep you for the year...4 months ago, https://www.computerworld.com/article/3684370/a-back-to-business-apple-news-briefing.html
This includes press releases and other information about financial performance reports filed or furnished with the SEC information on...6 months ago, https://www.apple.com/newsroom/2022/10/apple-reports-fourth-quarter-results/
Latest News. PRESS RELEASE. Apple MixC Shenzhen opens Friday April 28 in China. April 26...5 months ago, https://www.apple.com/newsroom/2022/11/emergency-sos-via-satellite-available-today-on-iphone-14-lineup/
Testing was done under the condition of streaming 4K movies played on Apple TV 4K with the Siri Remote from the Apple TV app. Press Contacts.6 months ago, https://www.apple.com/newsroom/2022/10/apple-introduces-the-powerful-next-generation-apple-tv-4k/
Apple invites Ted Lasso fans to “believe” with new Today at Apple session · Press Contacts · Latest News · Apple Footer.1 month ago, https://www.apple.com/newsroom/2023/03/apple-invites-ted-lasso-fans-to-believe-with-new-today-at-apple-session/
Kickboxing and New Trainers · Introducing Sleep Meditation · Artist Spotlight with Beyoncé · Time to Walk · Collections · Press Contacts · Latest News.4 months ago, https://www.apple.com/newsroom/2023/01/apple-fitness-plus-unveils-new-offerings-for-the-new-year/
Apple's more than 100000 employees are dedicated to making the best products on earth and to leaving the world better than we found it. Press...5 months ago, https://www.apple.com/newsroom/2022/11/app-store-awards-celebrate-the-best-apps-and-games-of-2022/
5G wireless plan and coverage required. Speeds will vary. Check with carriers for details. Press Contacts. Apple Media Helpline. media.6 months ago, https://www.apple.com/newsroom/2022/10/apple-introduces-next-generation-ipad-pro-supercharged-by-the-m2-chip/
Variable APRs range from 13.99 percent to 24.99 percent based on creditworthiness. Rates as of October 1 2022. Press Contacts. Apple Media...6 months ago, https://www.apple.com/newsroom/2022/10/apple-card-will-let-users-grow-daily-cash-rewards-while-saving-for-the-future/
Eligibility is based on a threshold of plays and time spent listening. Press Contacts. Kevin Smith. Apple. smith_k@apple.com. Giovanni Bossio.5 months ago, https://www.apple.com/newsroom/2022/11/apple-music-launches-new-replay-experience-reveals-2022s-top-charts/
Apple News has had its ups and downs over the years both attracting some large publishers to the platform and losing others.1 month ago, https://9to5mac.com/2023/03/12/the-guardian-embraces-apple-news-after-initial-doubt-significant-opportunities-to-reach-a-wider-audience/
Apple News introduces a new My Sports section to easily follow favorite ... and college leagues; and watch highlights right in the News app.11 months ago, https://www.apple.com/newsroom/2022/06/apple-unveils-new-ways-to-share-and-communicate-in-ios-16/
Apple's more than 100000 employees are dedicated to making the best products on earth and to leaving the world better than we found it. Press...1 month ago, https://www.apple.com/newsroom/2023/03/Apple-TV-plus-wins-Academy-Award-for-The-Boy-the-Mole-the-Fox-and-the-Horse/
With iOS 16 Apple News introduced a new My Sports section for users to easily follow their favorite clubs teams and leagues; receive stories...5 months ago, https://www.apple.com/newsroom/2022/11/apple-and-major-league-soccer-announce-mls-season-pass-launches-february-1-2023/
With iOS 16 Apple News introduced a new My Sports section for users to easily follow their favorite clubs teams and leagues; receive stories...5 months ago, https://www.apple.com/newsroom/2022/11/apple-and-major-league-soccer-announce-mls-season-pass-launches-february-1-2023/
Apple News+ audio stories a new daily audio briefing and curated local news collections are all available now in Apple News.33 months ago, https://www.apple.com/newsroom/2020/07/apple-news-launches-new-audio-features-expands-local-news-offerings-for-readers/
AirPods · App Store · Apple Arcade · Apple TV+ · Company News · Education · Environment · Events · Health · iPad · iPhone · Mac · Music...5 months ago, https://www.apple.com/newsroom/2022/12/apple-launches-self-service-repair-in-europe/
Apple News uses its own algorithm powered by the user's likes or dislikes to show the most appropriate headlines. Here's how you can use...9 months ago, https://appleinsider.com/articles/22/07/13/how-to-customize-your-own-apple-news-personal-feed
Emergency SOS via satellite on iPhone 14 and iPhone 14 Pro lineups made possible by $450 million Apple investment in US infrastructure · Press...5 months ago, https://www.apple.com/newsroom/2022/11/emergency-sos-via-satellite-made-possible-by-450m-apple-investment/
AirPods · App Store · Apple Arcade · Apple TV+ · Company News · Education · Environment · Events · Health · iPad · iPhone · Mac · Music...6 months ago, https://www.apple.com/newsroom/2022/10/apple-fitness-plus-available-to-iphone-users-in-21-countries-starting-october-24/
Press Gazette also shared a chart of how the top ten Apple News+ ... isn't necessarily an indicator of the success (or not) of Apple News.5 months ago, https://appleinsider.com/articles/22/12/05/biggest-apple-news-magazines-may-be-having-a-tough-time
Additional iPhone Payments terms are at apple.com/legal/sales-support/iphoneinstallments_us. Press Contacts. Apple Media Helpline. media.help@...8 months ago, https://www.apple.com/newsroom/2022/09/apple-introduces-iphone-14-and-iphone-14-plus/
A Look Back at Some of Bad Bunny's Biggest Moments on Apple Music · Press Contacts · Latest News · Apple Footer.5 months ago, https://www.apple.com/newsroom/2022/11/bad-bunny-is-apple-musics-artist-of-the-year-for-2022/
Latest News. UPDATE. Apple Google partner on an industry specification to address unwanted tracking. May 2...6 months ago, https://www.apple.com/newsroom/2022/10/apple-music-and-mercedes-benz-bring-immersive-spatial-audio-to-drivers-worldwide/
Two women are alleging that Apple's AirTag devices encourage stalking and put their safety at risk. Apple marked a grim milestone this week...4 months ago, https://abcnews.go.com/Business/apples-plunged-1-trillion-2022-economy/story?id=95930467
The ECG app is cleared for use in adult patients. Pediatric use is limited to investigational use only. Press Contacts. Zaina Khachadourian.2 months ago, https://www.apple.com/newsroom/2023/02/with-apple-watch-researchers-explore-new-frontiers-in-heart-health/
Apple's News app has been around for years on the iPhone iPad ... Still Apple News provides me with top headlines of events around the...4 months ago, https://www.theverge.com/23512499/twitter-news-alternatives-apple-google-rss-techmeme
AirPods · App Store · Apple Arcade · Apple TV+ · Company News · Education · Environment · Events · Health · iPad · iPhone · Mac · Music...1 month ago, https://www.apple.com/newsroom/2023/03/meet-four-women-using-apps-and-games-to-drive-culture-and-create-change/
All Apple News users in the US Canada UK and Australia can continue to enjoy the free news experience within the app on iPhone iPad and Mac...49 months ago, https://www.apple.com/newsroom/2019/03/apple-launches-apple-news-plus-an-immersive-magazine-and-news-reading-experience/
Apple empowers small businesses to grow and serve their customers. April 26 2023 · Apple Newsroom. The latest news and updates direct from...9 months ago, https://www.apple.com/newsroom/2022/07/how-apple-is-empowering-people-with-their-health-information/
Apple is reportedly developing software to comply with new European Union ... could only take effect in Europe according to Bloomberg News.4 months ago, https://www.cnbc.com/2022/12/14/why-europes-efforts-to-open-up-the-iphone-wont-hurt-apple-too-much.html
In Apple News fans can easily follow the league and their favorite teams ... and watch personalized MLB highlights right in the News app.1 month ago, https://www.apple.com/newsroom/2023/03/friday-night-baseball-resumes-on-apple-tv-plus-on-april-7/
AirPods · App Store · Apple Arcade · Apple TV+ · Company News · Education · Environment · Events · Health · iPad · iPhone · Mac · Music...8 months ago, https://www.apple.com/newsroom/2022/09/apple-reveals-apple-watch-series-8-and-the-new-apple-watch-se/
This includes press releases and other information about financial performance reports filed or furnished with the SEC information on...3 months ago, https://www.apple.com/newsroom/2023/02/apple-reports-first-quarter-results/
Coding with Today at Apple · Resources for Learners and Educators · Careers for the Next Generation · Press Contacts · Latest News · Apple Footer.5 months ago, https://www.apple.com/newsroom/2022/11/apple-expands-its-coding-education-resources-with-a-new-today-at-apple-session/
For additional information see support.apple.com/en-us/HT205000. Press Contacts. Nikki Rothberg. Apple. nrothberg@apple.com. (408) 974-4427.5 months ago, https://www.apple.com/newsroom/2022/11/reach-new-depths-with-the-oceanic-plus-app-and-apple-watch-ultra/
Super Bowl LVII Halftime Show Press Conference. On February 9 2023 at 10 a.m. MST Apple Music Radio's Nadeska Alexis will interview Rihanna...3 months ago, https://www.apple.com/newsroom/2023/01/apple-music-launches-rihannas-road-to-halftime-ahead-of-super-bowl-lvii/
Press the stem to change the music answer phone calls and more or say “Hey Siri” to make requests hands-free. The improved built-in...8 months ago, https://www.apple.com/newsroom/2022/09/apple-announces-the-next-generation-of-airpods-pro/
Apple expands industry-leading commitment to protect users from highly targeted mercenary spyware · Press Contacts · Latest News · Apple Footer.10 months ago, https://www.apple.com/newsroom/2022/07/apple-expands-commitment-to-protect-users-from-mercenary-spyware/
Follow MLS Clubs on the Apple TV App and Apple News. Fans can ensure they catch all of the action in 2023 by following their favorite MLS clubs...4 months ago, https://www.apple.com/newsroom/2022/12/major-league-soccer-announces-2023-season-schedule/
Apple is introducing integration between the Weather and News apps as noticed in the latest iOS 16.2 beta. People in cities such as San...6 months ago, https://appleinsider.com/articles/22/11/03/ios-162-surfaces-relevant-apple-news-stories-in-the-weather-app
Data is a real-time snapshot *Data is delayed at least 15 minutes. Global Business and Financial News Stock Quotes and Market Data and...2 months ago, https://www.cnbc.com/2023/03/03/apple-crackdown-on-chatgpt-apps-unlikely-new-rules-possible-later.html
Sergiu Gatlan has covered cybersecurity technology and other news beats for more than a decade. Email or Twitter DMs for tips. Previous...2 months ago, https://www.bleepingcomputer.com/news/security/apple-fixes-new-webkit-zero-day-exploited-to-hack-iphones-macs/
This includes press releases and other information about financial performance reports filed or furnished with the SEC information on...9 months ago, https://www.apple.com/newsroom/2022/07/apple-reports-third-quarter-results/
Here are some of the news that caught our attention. Apple Pays $14.8 Million Over iCloud Settlement. Close-Up Shot of a Handshake.4 months ago, https://www.makeuseof.com/apple-biggest-news-moments-2022/
Latest News. UPDATE. Apple Music Live returns for a brand-new season with Ed Sheeran. May...2 months ago, https://www.apple.com/newsroom/2023/02/mcintosh-seed-preserves-land-and-legacy-with-black-landowners-in-the-us-south/
Apple is also more closely watching travel budgets and leaving some unfilled positions open according to the report. related investing news.1 month ago, https://www.cnbc.com/2023/03/14/apple-delaying-some-employee-bonuses-as-the-company-cuts-costs-report.html
Follow MLS Clubs on the Apple TV App and Apple News. With iOS 16 Apple introduced a new My Sports section on the Apple TV app across iPhone...3 months ago, https://www.apple.com/newsroom/2023/01/apple-and-major-league-soccer-unveil-broadcasters-for-mls-season-pass/
4New Button Changes in Apple News · The Suggest More and Suggest Less buttons have been moved to the top bar and combined into one Suggest More...4 days ago, https://ios.gadgethacks.com/how-to/ios-16-5-has-15-new-updates-for-your-iphone-including-big-changes-apple-tv-apple-news-and-siri-0385349/
“As a result two obscene and racist push notifications were sent to our followers in Apple News about a minute apart. The messages are vile...7 months ago, https://www.cnn.com/2022/09/27/media/fast-company-apple-news/index.html
Latest News. UPDATE. Apple Music Live returns for a brand-new season with Ed Sheeran. May...7 months ago, https://www.apple.com/newsroom/2022/09/iphone-14-lineup-apple-watch-series-8-and-new-apple-watch-se-arrive-worldwide/
Apple's more than 100000 employees are dedicated to making the best products on earth and to leaving the world better than we found it. Press...8 months ago, https://www.apple.com/newsroom/2022/09/apple-fitness-plus-available-to-all-iphone-users-in-21-countries-later-this-fall/
Sweat and water resistance are not permanent conditions. Lanyards are sold separately. Press Contacts. Apple Media Helpline. media.help@apple.7 months ago, https://www.apple.com/newsroom/2022/09/apple-watch-ultra-and-next-generation-airpods-pro-available-in-stores-friday/
Advertisement in Apple News. Credit: Mark Gurman. In the News and Stocks apps the display ads are no different than what you might get on an...8 months ago, https://www.bloomberg.com/news/newsletters/2022-08-14/apple-aapl-set-to-expand-advertising-bringing-ads-to-maps-tv-and-books-apps-l6tdqqmg
Celebrating 100 million songs · Press Contacts · Latest News · Apple Footer.7 months ago, https://www.apple.com/newsroom/2022/10/celebrating-100-million-songs/
An FBI agent who investigated an earlier wave of mysterious cattle deaths on tribal lands told The Associated Press that there was no indication...2 weeks ago, https://www.nbcnews.com/news/us-news/six-cattle-died-mysteriously-texas-tongues-removed-authorities-say-rcna80957
When Apple releases this year's iPhones the iPhone 15 series among the design changes expected is a crucial one: the shift from charging...1 month ago, https://www.forbes.com/sites/davidphelan/2023/03/25/apple-iphone-15-leak-exposes-good-and-bad-news/
Taking a look back at another week of news and headlines from Cupertino this week's Apple Loop includes a surprise iPhone updateMacBook...2 months ago, https://www.forbes.com/sites/ewanspence/2023/02/10/apple-news-iphone-15-ultra-leak-macbook-pro-icloud-ipad-app-store-superbowl/
related investing news. Apple results show iPhone's 'consumer staple nature' in a tough environment Wall Street. CNBC Pro.3 months ago, https://www.cnbc.com/2023/01/30/apple-expected-to-post-first-revenue-decline-since-2019-on-thursday-.html
Latest News. UPDATE. Apple launches 20 fun new games for its award-winning Apple Arcade service.6 months ago, https://www.apple.com/newsroom/2022/10/apple-calls-on-global-supply-chain-to-decarbonize-by-2030/
Apple's Messages app now lets users do a lot more than just text and share media. With the latest iOS updates even more functions are available...4 months ago, https://www.foxnews.com/tech/apple-messages-app-features-to-remember
Accuracy of Live Captions may vary and should not be relied upon in high-risk situations. Press Contacts. Apple Media Helpline. media.help@apple...6 months ago, https://www.apple.com/newsroom/2022/10/macos-ventura-is-now-available/
AirPods · App Store · Apple Arcade · Apple TV+ · Company News · Education · Environment · Events · Health · iPad · iPhone · Mac · Music...7 months ago, https://www.apple.com/newsroom/2022/09/how-to-order-the-all-new-iphone-apple-watch-and-airpods-pro-lineups/
AirDrop which allows users to share content between Apple ... Still while the unrest has been well-documented in the international press...5 months ago, https://www.cnbc.com/2022/11/30/apple-limited-a-crucial-airdrop-function-in-china-just-weeks-before-protests.html
Latest News. UPDATE. Apple Music Live returns for a brand-new season with Ed Sheeran. May...2 months ago, https://www.apple.com/newsroom/2023/03/findings-from-apple-womens-health-study-advance-science-around-menstrual-cycles/
Latest News. UPDATE. Apple Music Live returns for a brand-new season with Ed Sheeran. May...8 months ago, https://www.apple.com/newsroom/2022/08/apple-expands-self-service-repair-to-mac-notebooks/
AirPods · App Store · Apple Arcade · Apple TV+ · Company News · Education · Environment · Events · Health · iPad · iPhone · Mac · Music...5 months ago, https://www.apple.com/newsroom/2022/11/the-new-apple-pacific-centre-opens-in-vancouver/
Apple Saket will open this Thursday April 20 in New Delhi. April 19 2023 · Apple Newsroom. The latest news and updates direct from...9 months ago, https://www.apple.com/newsroom/2022/07/hundreds-queue-for-the-opening-of-apple-brompton-road/
Updates to Pages Numbers Keynote and Swift Playgrounds · Press Contacts · Latest News · Apple Footer.6 months ago, https://www.apple.com/newsroom/2022/10/apple-learning-coach-now-open-to-more-teachers-across-the-us/
Developers can access a robust library of timely relevant and practical content from Apple experts and engineers including news about...6 months ago, https://www.apple.com/newsroom/2022/10/apple-introduces-ask-apple-for-developers/
Apple turns (RED) to raise visibility for World AIDS Day · Choose (RED) This Holiday Season · Raising Visibility · Press Contacts · Latest News.5 months ago, https://www.apple.com/newsroom/2022/12/apple-turns-red-to-raise-visibility-for-world-aids-day/
Users could previously record their screen via a dedicated button on the Control Center. Advertisement. Sports tab in Apple News. Sports news on...1 month ago, https://indianexpress.com/article/technology/tech-news-technology/ios-16-5-first-beta-siri-screen-recording-8540718/
Apple's chief executive Tim Cook at awards show in 2022. Image source Getty Images. By Monica Miller. BBC News.3 months ago, https://www.bbc.com/news/business-64258289
Enabling My Sports syncing between the Apple News and Apple TV apps means that the teams you follow are automatically synced between both. Tap...2 months ago, https://www.imore.com/iphone/how-to-use-my-sports-in-apple-news-to-track-your-team
Data is a real-time snapshot *Data is delayed at least 15 minutes. Global Business and Financial News Stock Quotes and Market Data and...1 month ago, https://www.cnbc.com/2023/03/09/apple-music-classical-app-release-date-march-28.html
Spotify is looking to give Apple a good bruising in the press. The music streamer is taking its grievances with the Silicon Valley goliath...6 months ago, https://www.cnn.com/2022/11/01/media/spotify-apple-app-store-reliable-sources/index.html
Donations are limited to a maximum of $1000000 and go to the National Park Foundation. Press Contacts. Apple Media Helpline. media.help@apple.8 months ago, https://www.apple.com/newsroom/2022/08/apple-celebrates-americas-parks/
Sign up for free and start receiving your daily dose of cybersecurity news insights and tips. Email. Solution SpotlightNEW.2 months ago, https://thehackernews.com/2023/02/apple-warns-of-3-new-vulnerabilities.html
Elon Musk has said Apple has halted most of its advertising on Twitter and accused the company of threatening to remove the platform from...5 months ago, https://www.bbc.com/news/technology-63788437
AirPods · App Store · Apple Arcade · Apple TV+ · Company News · Education · Environment · Events · Health · iPad · iPhone · Mac · Music...4 months ago, https://www.apple.com/newsroom/2022/12/across-the-globe-apple-and-its-teams-find-new-ways-to-give/
... from a factory in Arizona Apple CEO Tim Cook said last month at an internal company meeting in Germany according to Bloomberg News.5 months ago, https://www.cnbc.com/2022/11/15/apple-to-buy-chips-from-arizona-factory-ceo-tim-cook-reportedly-says.html
AirPods · App Store · Apple Arcade · Apple TV+ · Company News · Education · Environment · Events · Health · iPad · iPhone · Mac · Music...11 months ago, https://www.apple.com/newsroom/2022/05/the-music-lives-on/
Like Meta's latest headset Apple's device will use both virtual and augmented reality. With VR users see images and content within the goggles...3 months ago, https://www.bloomberg.com/news/articles/2023-01-23/apple-reality-pro-details-eye-hand-tracking-app-store-3d-ios-like-interface
Special Sessions · The Store and Team · Sustainability · Apple in the UK · Press Contacts · Latest News · Apple Footer.9 months ago, https://www.apple.com/newsroom/2022/07/apple-brompton-road-opens-july-28-in-london/
Apple's iOS 12.5.7 update is available for affected devices. Julia Musto. By Julia Musto | Fox News.3 months ago, https://www.foxnews.com/tech/apple-users-old-iphone-ipad-install-security-update
AirPods · App Store · Apple Arcade · Apple TV+ · Company News · Education · Environment · Events · Health · iPad · iPhone · Mac · Music...9 months ago, https://www.apple.com/newsroom/2022/07/apple-introduces-apple-music-sessions/
Welcome to our Apple Breakfast column which includes all of the Apple news you missed last week in a handy bite-sized roundup.2 months ago, https://www.macworld.com/article/1525007/iphone-se-devotees-size-touch-id-price.html
Latest News. UPDATE. Apple Music Live returns for a brand-new season with Ed Sheeran. May...7 months ago, https://www.apple.com/newsroom/2022/10/meet-seven-hispanic-and-latin-app-creators-breaking-barriers-with-technology/
When the user wakes up in the morning they simply press stop to end the program.6 months ago, https://www.apple.com/newsroom/2022/11/veterans-find-relief-from-nightmares-with-nightware-and-apple-watch/
28 that Apple is lending the company $252 million to help cover upfront costs for ... Globalstar's shares jumped more than 10% on the news.2 months ago, https://spacenews.com/apple-loans-globalstar-252-million-for-satellite-enabled-iphones/
Apple has been accused by some tech experts of not making their Air Tag products safe. ABC News. LaPrecia Sanders Smith's mother told "...3 months ago, https://abcnews.go.com/US/apple-airtags-causing-major-security-concerns-reports-stalking/story?id=96531871
At one point it alone made about 85% of the Pro lineup of iPhones according to market-research firm Counterpoint Research. What's News. See...5 months ago, https://www.wsj.com/articles/apple-china-factory-protests-foxconn-manufacturing-production-supply-chain-11670023099
A headline risk is the risk that a company's share price will decline from negative news coverage. Apple shares fell to their lowest level...4 months ago, https://www.cnbc.com/2022/12/29/analyst-remains-bullish-on-apple-as-its-a-lot-more-of-headline-risks.html
related investing news · Read more about tech and crypto from CNBC Pro · Apple to combine 5G and processor in chip.6 months ago, https://www.cnbc.com/2022/10/18/apple-to-launch-a-foldable-ipad-rather-than-iphone-in-2024-analyst.html
An illustration of iPhone 12 Pro and journalists. The News Partner Program expands Apple's work with and support for journalism. Cupertino...20 months ago, https://www.apple.com/newsroom/2021/08/apple-introduces-the-news-partner-program/
I can now share some good news. Apple Inc.'s next iMac desktop is at an advanced stage of development called engineering validation testing...2 months ago, https://www.bloomberg.com/news/newsletters/2023-03-05/when-is-apple-aapl-releasing-new-mac-pro-15-inch-macbook-air-new-imac-m3-levgn4yc
This week Apple invited various members of the press and influencers to give a closer look at games coming to iPhone iPad Apple TV...2 months ago, https://9to5mac.com/2023/02/17/apple-event-gaming-iphone-mac/
Apple (APPL) and Nvidia (NVDA) made headlines Monday with bullish implications for both Club holdings. Here's a recap of the news and our take...2 months ago, https://www.cnbc.com/2023/02/27/apple-nvidia-in-the-news-our-take-on-these-outsized-tech-holdings-.html
Portrait mode and Spatial Audio require a Mac with Apple silicon. Press Contacts. Apple Media Helpline. media.help@apple.com...10 months ago, https://www.apple.com/newsroom/2022/07/all-new-macbook-air-with-m2-available-to-order-starting-friday-july-8/
Welcome to our weekend Apple Breakfast column which includes all of the Apple news you missed this week in a handy bite-sized roundup.2 months ago, https://www.macworld.com/article/1519210/why-apple-is-probably-skipping-the-spring-event-this-year.html
Wedbush Securities analyst Daniel Ives reiterated his outperform or buy rating on Apple stock. He also upped his 12-month price target to 190...1 month ago, https://www.investors.com/news/technology/apple-stock-boosted-by-stable-iphone-demand/
Additional iPhone Payments terms are at apple.com/legal/sales-support/iphoneinstallments_us. Press Contacts. Apple Media Helpline. media.help@...7 months ago, https://www.apple.com/newsroom/2022/10/iphone-14-plus-available-in-stores-friday/
Apple is reportedly developing a continuous glucose monitoring (CGM) device that doesn't require pricking the skin. · This news caused Abbott and...2 months ago, https://www.fool.com/investing/2023/02/28/abbott-dexcom-investors-worried-apple-news/
Apple plans to replace Broadcom's Wi-Fi and Bluetooth chip according to the Bloomberg News report which added that Apple is the U.S....3 months ago, https://www.reuters.com/technology/apple-drop-key-broadcom-chip-2025-in-house-design-bloomberg-news-2023-01-09/
From Google News and Microsoft Start to Apple News (iOS Only) ... here are the best news apps for Google's Android and Apple's iOS 2023.1 month ago, https://ceoworld.biz/2023/03/15/used-by-top-ceos-best-apps-for-reading-news-for-googles-android-and-apples-ios-2023/
Portrait mode and Spatial Audio require a Mac with Apple silicon. Press Contacts. Apple Media Helpline. media.help@apple.com...11 months ago, https://www.apple.com/newsroom/2022/06/apple-unveils-all-new-macbook-air-supercharged-by-the-new-m2-chip/
Apple's Tim Cook. Photographer: Nic Coury/Bloomberg. Apple Inc. after seven years of development is nearly ready to launch its first mixed...3 months ago, https://www.bloomberg.com/news/newsletters/2023-01-08/when-will-apple-launch-the-reality-pro-mixed-reality-headset-apple-2023-devices-lcnfzkc7
Visit developer.apple.com/weatherkit for feature availability. Live Activities will be available to developers later this year. Press Contacts.11 months ago, https://www.apple.com/newsroom/2022/06/apple-provides-developers-with-even-more-powerful-technologies/
AirPods · App Store · Apple Arcade · Apple TV+ · Company News · Education · Environment · Events · Health · iPad · iPhone · Mac · Music...6 months ago, https://www.apple.com/newsroom/2022/11/apple-celebrates-the-holiday-season/
... for fans to easily follow the league or their favorite clubs in Apple News with the ability to watch highlights right in the News app.10 months ago, https://www.apple.com/newsroom/2022/06/apple-and-mls-to-present-all-mls-matches-for-10-years-beginning-in-2023/
Apple to start using in-house screens from 2024 - Bloomberg News. Reuters. The Apple Inc logo is seen at the entrance to the Apple store in...3 months ago, https://www.reuters.com/technology/apple-begin-making-in-house-screens-2024-bloomberg-news-2023-01-11/
UBS forecasts that Apple 's (ticker: AAPL) iPhone shipments will come to ... In other Apple news company shareholders are being advised by...2 months ago, https://www.barrons.com/articles/apple-stock-iphone-android-tim-cook-pay-a838cd3e
Apple's Chip Strategy Is Great News for Shareholders Bad News for Skyworks Broadcom and Qualcomm. By Billy Duberstein – Jan 25 2023 at 6:...3 months ago, https://www.fool.com/investing/2023/01/25/apples-chip-strategy-great-news-for-shareholders/
Apple's more than 100000 employees are dedicated to making the best products on earth and to leaving the world better than we found it. Press...12 months ago, https://www.apple.com/newsroom/2022/04/apples-self-service-repair-now-available/
The Bench. US-IT-APPLE-NEWS-FEED. Tim Cook and Jony Ive in 2019. Photographer:...3 months ago, https://www.bloomberg.com/news/newsletters/2023-02-05/is-an-iphone-ultra-or-iphone-fold-coming-from-apple-ceo-remarks-offer-clues-ldrhx53a
Apple Ford and Estee Lauder are in the news Thursday. Here are our takes. Published Thu Mar 23 20234:15 PM EDT Updated Thu Mar 23 20234:50 PM EDT.1 month ago, https://www.cnbc.com/2023/03/23/club-holdings-apple-ford-and-estee-lauder-news-thursday-our-takes.html
Apple Watch Mirroring is available on Apple Watch Series 6 or later. Press Contacts. Apple Media Helpline. media.help@apple.com...11 months ago, https://www.apple.com/newsroom/2022/06/watchos-9-delivers-new-ways-to-stay-connected-active-and-healthy/
Apple could finally announce its long-awaited mixed reality headset later in 2023. · The business is still growing at a steady pace so the...3 months ago, https://www.fool.com/investing/2023/01/26/does-this-vr-news-make-apple-stock-a-buy-for-2023/
Then they steal the users' phones log in and change their Apple ID passwords by entering the passcode locking them out of iCloud.2 months ago, https://www.cbsnews.com/news/how-to-prevent-iphone-hacks-apple-security/
The Associated Press contributed to this report. Julia Musto is a reporter for Fox News and Fox Business Digital.4 months ago, https://www.foxnews.com/tech/apple-iphone-new-data-security-protections-how-to-update-your-device
Apple occasionally launches new products via press release with the most recent being the 10th-gen iPad M2 iPad Pro and Apple TV 4K in...3 months ago, https://www.macworld.com/article/1474251/rumor-january-announement-macbook-pro-mac-mini.html
Apple today introduced its second Impact Accelerator class — a cohort of 16 Black- Hispanic/Latinx- and Indigenous-owned businesses...8 months ago, https://www.apple.com/newsroom/2022/08/apple-propels-environmental-business-solutions-forward-with-second-impact-accelerator-class/
April 3 (Reuters) - Apple Inc (AAPL.O) is eliminating a small number of roles within its corporate retail teams Bloomberg News reported on...1 month ago, https://www.reuters.com/technology/apple-cut-small-number-jobs-some-corporate-retail-teams-bloomberg-news-2023-04-03/
Khanna who will be among those attending the meetings told CBS News Wednesday that the topics of discussion will include how U.S companies can...1 month ago, https://www.cbsnews.com/news/u-s-lawmakers-to-meet-apple-disney-ceos-discuss-china-bob-iger-tim-cook/
Club holdings Apple (AAPL) Nvidia (NVDA) and Walt Disney (DIS) all made headlines Monday. Here's how the news impacts our investment case for...2 months ago, https://www.cnbc.com/2023/02/13/apple-nvidia-and-disney-are-in-the-news-heres-a-recap-and-our-take.html
Jeff Robbin long-time Apple engineer will take on Abbott's responsibilities Bloomberg News reported. Earlier this year Insider reported...2 months ago, https://www.reuters.com/technology/apple-cloud-chief-abbott-step-down-bloomberg-news-2023-03-03/
The Apple Certified Support Professional badge is a required prerequisite to earn the Apple Certified IT Professional badge. Press Contacts.11 months ago, https://www.apple.com/newsroom/2022/05/apple-introduces-new-professional-training-to-support-growing-it-workforce/
News publishers can now direct iPhone app users to a website to subscribe — instead of being locked into Apple's system and Apple's rules.9 months ago, https://www.niemanlab.org/2022/07/still-giving-apple-30-of-your-news-subscription-revenue-you-no-longer-have-to-and-heres-how-to-stop/
Police denied KOMO News' request for the surveillance footage for now because of the ongoing investigation. “From the masks that the folks...1 month ago, https://komonews.com/news/local/500k-electronics-stolen-alderwood-mall-apple-store-lynnwood-theft-retail-police-department-crime-burglary-operation-seattle-coffee-gear-break-in-merchandise-hole-cut-business
Data is a real-time snapshot *Data is delayed at least 15 minutes. Global Business and Financial News Stock Quotes and Market Data and...4 months ago, https://www.cnbc.com/2023/01/03/apples-market-cap-falls-under-2-trillion-as-selloff-continues.html
Sharing control of your home and receiving Home notifications require a home hub. Only Apple TV and HomePod are supported as home hubs. Press...7 months ago, https://www.apple.com/newsroom/2022/09/watchOS-9-is-available-today/
In Apple News fans can easily follow their favorite teams and watch personalized MLB highlights right in the News app.9 months ago, https://www.apple.com/newsroom/2022/07/apple-and-mlb-announce-august-friday-night-baseball-doubleheader-schedule/
Police say at least 21 people in New York City have had their fancy Apple headphones stolen right off their heads by a roving team of...2 months ago, https://abcnews.go.com/US/wireStory/nyc-thieves-stealing-apple-headphones-off-victims-heads-97476144
Deep dive of iOS code reveals new sports features in the works for iPhone. 4 Apr 2023 Steve McCaskill. News. Getty Images. SHARE THIS ARTICLE. Apple has the...1 month ago, https://www.sportspromedia.com/broadcast-ott/apple-sports-streaming-multiview-ios-mls-mlb/
Police say at least 21 people in New York City have had their fancy Apple headphones stolen right off their heads by a roving team of...2 months ago, https://abcnews.go.com/US/wireStory/nyc-thieves-stealing-apple-headphones-off-victims-heads-97476144
Deep dive of iOS code reveals new sports features in the works for iPhone. 4 Apr 2023 Steve McCaskill. News. Getty Images. SHARE THIS ARTICLE. Apple has the...1 month ago, https://www.sportspromedia.com/broadcast-ott/apple-sports-streaming-multiview-ios-mls-mlb/
Got a confidential news tip? We want to hear from you. Get In Touch. Advertise With Us. Please Contact Us. CNBC Newsletters.7 months ago, https://www.cnbc.com/2022/09/13/apple-plans-new-spots-for-ads-in-app-store-by-the-end-of-the-year.html
Data is a real-time snapshot *Data is delayed at least 15 minutes. Global Business and Financial News Stock Quotes and Market Data and...8 months ago, https://www.cnbc.com/2022/08/15/apple-tells-employees-to-come-in-3-times-a-week-starting-september.html
Fortnite-maker Epic Games and Apple (ticker: AAPL) showed off capabilities that underscore how far ahead they are in the technologies needed...1 month ago, https://www.barrons.com/articles/metaverse-apple-epic-meta-stock-price-e80bafe0
A press attendee holds up the completely redesigned ultra-thin MacBook Air at the hands-on area in Steve Jobs Theater at Apple Park.11 months ago, https://www.apple.com/newsroom/2022/06/wwdc22-highlights/
deine technik. auf den punkt. Über uns / Team · Kontakt · Unsere Technik-Experten · Werbung / Mediadaten · Jobs · Messen und Events · News-Apps.1 hour ago, https://www.inside-digital.de/news/ios-apple-veroeffentlicht-neuartiges-iphone-update-das-steckt-dahinter
A busy week of earnings season and lots of news developments have us revising some of the price targets and ratings on the stocks in the...5 hours ago, https://www.cnbc.com/2023/05/07/were-making-five-price-target-changes-and-one-rating-upgrade-after-a-crazy-week-of-earnings.html
Download the ABC News app — Apple App Store | Google Play. "Organisations who educate young drivers and support their pathway to gaining a...21 hours ago, https://www.abc.net.au/news/2023-05-07/tas-kids-stuck-after-keys2drive-learner-program-axed/102312544
... Max's Love & Death Netflix's The Lincoln Lawyer) Bill Lawrence (Apple's Ted Lasso Shrinking) Alex Kurtzman (the Star Trek franchise...22 hours ago, https://www.hollywoodreporter.com/tv/tv-news/writers-strike-showrunners-unite-studio-demands-1235481502/
Apple News+. Access to hundreds of magazines and leading newspapers local news sports coverage and audio stories featuring the week's best articles. Learn...31 months ago, https://www.apple.com/apple-one/
iPhone X showing Apple News' Midterm Elections section. The 2018 Midterm Elections feature is for casual readers and political enthusiasts alike...58 months ago, https://www.apple.com/newsroom/2018/06/apple-news-launches-2018-midterm-elections-section/
Apple News has launched a new COVID-19 section where users can be sure that they can find the latest verified reporting from trusted news...37 months ago, https://www.apple.com/newsroom/2020/03/apples-covid-19-response/
Apple News provides one convenient place to find details about the 20 Democratic presidential candidates.46 months ago, https://www.apple.com/newsroom/2019/06/apple-news-launches-candidate-guide-ahead-of-2020-democratic-debates/
Apple's more than 100000 employees are dedicated to making the best products on earth and to leaving the world better than we found it. Press...20 months ago, https://www.apple.com/newsroom/2021/08/apple-acquires-classical-music-streaming-service-primephonic/
Do you love your Roku Fire TV Apple TV Google TV and more? ... Originally Local Now only streamed your local weather and news...6 hours ago, https://cordcuttersnews.com/the-top-10-free-cord-cutting-apps-of-2023-for-roku-apple-tv-google-tv-roku-tv-fire-tv-more/
We will never stop our tireless work to keep our users safe. Press Contacts. Apple Media Helpline. media.help@apple.com...44 months ago, https://www.apple.com/newsroom/2019/09/a-message-about-ios-security/
Apple's new initiative supports nonprofit organizations that are focused on news literacy programs. Cupertino California — Apple today...49 months ago, https://www.apple.com/newsroom/2019/03/apple-teams-with-media-literacy-programs-in-the-us-and-europe/
In other Apple news SVP Deirdre O'brien sold 43622 shares of the business's stock in a transaction on Monday April 3rd.12 hours ago, https://www.defenseworld.net/2023/05/07/apple-nasdaqaapl-pt-raised-to-185-00-at-morgan-stanley.html
In other Apple news SVP Deirdre O'brien sold 43622 shares of the stock in a transaction that occurred on Monday April 3rd.12 hours ago, https://www.defenseworld.net/2023/05/07/apple-nasdaqaapl-pt-raised-to-193-00.html
